<?xml version="1.0" encoding="utf-8"?>
<ApplicationInstallerManifest>
   <DefaultInstallationDirectory>/Applications/UC3M_-_INTA/PIRT/</DefaultInstallationDirectory>
   <ApplicationName>PIRT</ApplicationName>
   <ExecutableName>application/PIRT.exe</ExecutableName>
   <GUID>d47cb57e-8979-42c7-8de8-a16cf8da6f67</GUID>
   <ApplicationIcon>icon_48.png</ApplicationIcon>
   <Logo>default_logo.png</Logo>
   <Version>0.1</Version>
   <AuthorOrganization>UC3M - INTA</AuthorOrganization>
   <Summary>Processing InfraRed Thermography</Summary>
   <WelcomePanelText>PIRT 0.1
Processing InfraRed Thermography

PIRT or Processing Infrared Thermography images is a Matlab toolbox for filtering snapshots, calculating heat transfer coefficients and estimating the error. The toolbox also features custom error messages to ease the image processing procedure. It has an object-based structure where the information introduced is labelled-based to make it as clear as possible. Two computation blocks can be distinguished; filter and heat transfer modules. They are independent and can be utilized by themselves.

J. Alfaro, I. Robledo, R. Castellanos
rcastell@ing,uc3m.es</WelcomePanelText>
   <MCRProducts>
      <MCRProduct>
         <ExternalProductIdentifier>35002</ExternalProductIdentifier>
      </MCRProduct>
      <MCRProduct>
         <ExternalProductIdentifier>35003</ExternalProductIdentifier>
      </MCRProduct>
      <MCRProduct>
         <ExternalProductIdentifier>35010</ExternalProductIdentifier>
      </MCRProduct>
      <MCRProduct>
         <ExternalProductIdentifier>35117</ExternalProductIdentifier>
      </MCRProduct>
      <MCRProduct>
         <ExternalProductIdentifier>35119</ExternalProductIdentifier>
      </MCRProduct>
      <MCRProduct>
         <ExternalProductIdentifier>35160</ExternalProductIdentifier>
      </MCRProduct>
   </MCRProducts>
</ApplicationInstallerManifest>