<?xml version="1.0" encoding="utf-8"?>
<productAdditionalComps>
   <dependsOn>
      <component>
         <name>PIRT</name>
         <locale/>
         <platformList>
            <platform>maca64</platform>
         </platformList>
         <version>0.1</version>
      </component>
   </dependsOn>
   <isControllingProduct>true</isControllingProduct>
   <platform>maca64</platform>
   <productName>PIRT</productName>
   <productNumber>5000</productNumber>
   <productBaseCode>PIRT</productBaseCode>
   <productVersion>0.1</productVersion>
   <releaseFamily>R2023b</releaseFamily>
   <releaseDescription>R2023b</releaseDescription>
</productAdditionalComps>